{"schemaVersion":"1.0","appDefinitionTemplate":{"id":"/providers/Microsoft.PowerApps/apps/","type":"Microsoft.PowerApps/apps","tags":{"primaryDeviceWidth":"2389","primaryDeviceHeight":"1095","supportsPortrait":"true","supportsLandscape":"true","primaryFormFactor":"Tablet","showStatusBar":"false","publisherVersion":"3.24023.13","minimumRequiredApiVersion":"2.2.0","hasComponent":"false","hasUnlockedComponent":"false","isUnifiedRootApp":"false","offlineLargeFilesSupport":"false","sienaVersion":"20240302T141011Z-3.24023.13.0"},"properties":{"appVersion":"2024-03-02T14:10:11Z","lifeCycleId":"Published","createdByClientVersion":{"major":3,"minor":24023,"build":13,"revision":0,"majorRevision":0,"minorRevision":0},"minClientVersion":{"major":3,"minor":24023,"build":13,"revision":0,"majorRevision":0,"minorRevision":0},"backgroundColor":"rgba(253, 162, 20, 1)","backgroundImageUri":"/8924815618449497492/N6fbd7c60-2889-46a8-b0ca-6c81aa29dbb1-logoSmallFile","displayName":"Memory game","description":"","commitMessage":"","appUris":{"documentUri":{"value":"/8924815618449497492/N955c0e7d-5181-4c69-aff7-54ade137bf04-document.msapp"},"imageUris":[],"additionalUris":[{"isSolutionAware":false,"value":"/8924815618449497492/Nd8711065-7d22-440a-84f9-326e1a886db9-identity.json"}]},"createdTime":"0001-01-01T00:00:00Z","lastModifiedTime":"0001-01-01T00:00:00Z","sharedGroupsCount":0,"sharedUsersCount":0,"connectionReferences":{},"databaseReferences":{"default.cds":{"databaseDetails":{"referenceType":"Environmental","environmentName":"default.cds","overrideValues":{"status":"NotSpecified"}},"dataSources":{},"components":[{"componentName":"CustomControl","identifier":"theppd_ppd.FontImport","identifierType":"LogicalName","capabilities":{"pcfExternalServiceUsageAllowed":false}}]}},"almMode":"Solution","performanceOptimizationEnabled":true,"canConsumeAppPass":true,"enableModernRuntimeMode":false,"executionRestrictions":{"isTeamsOnly":false,"dataLossPreventionEvaluationResult":{"status":"Compliant","lastEvaluationDate":"2024-02-24T19:55:51.3825935Z","violations":[],"violationsByPolicy":[],"violationErrorMessage":"The app uses the following connectors: ."}}},"appType":"ClassicCanvasApp","appComponents":[]}}