{"schemaVersion":"1.0","appDefinitionTemplate":{"id":"/providers/Microsoft.PowerApps/apps/","type":"Microsoft.PowerApps/apps","tags":{"primaryDeviceWidth":"1366","primaryDeviceHeight":"768","sienaVersion":"20220322T132612Z-3.22031.27.0","deviceCapabilities":"","supportsPortrait":"true","supportsLandscape":"true","primaryFormFactor":"Tablet","publisherVersion":"3.22031.27","minimumRequiredApiVersion":"2.2.0","hasComponent":"false","hasUnlockedComponent":"false","isUnifiedRootApp":"false"},"properties":{"appVersion":"2022-03-22T13:26:12Z","lifeCycleId":"Published","createdByClientVersion":{"major":3,"minor":22031,"build":27,"revision":0,"majorRevision":0,"minorRevision":0},"minClientVersion":{"major":3,"minor":22031,"build":27,"revision":0,"majorRevision":0,"minorRevision":0},"backgroundColor":"RGBA(0,176,240,1)","backgroundImageUri":"/17512929318375889213/Ndbfa7e73-49a3-4e1c-9fba-09f9b264fa60-logoSmallFile","displayName":"Birthdaytest","description":"","commitMessage":"","appUris":{"documentUri":{"value":"/17512929318375889213/Nf6c5745f-459f-43d4-be76-ce095082cc57-document.msapp"},"imageUris":[]},"createdTime":"0001-01-01T00:00:00Z","lastModifiedTime":"0001-01-01T00:00:00Z","sharedGroupsCount":0,"sharedUsersCount":0,"icons":{"smallIconUri":"/17512929318375889213/Nab750dd6-e8b3-465b-a741-16d3f815e704-small.png","mediumIconUri":"/17512929318375889213/Ncbb0ded1-4279-4d2c-8873-dd3545b8ab6a-medium.png","largeIconUri":"/17512929318375889213/N1616c128-a01b-41aa-b10c-af2c83f8681d-large.png","wideIconUri":"/17512929318375889213/N8732ece7-b672-46cf-b34f-143de0da9536-wide.png"},"connectionReferences":{"7153b3d5-bf4e-4449-a0d4-cbead511c8cb":{"id":"0f128de1-f477-4265-a4a7-4f753111013f","displayName":"Office 365 Users","iconUri":"https://connectoricons-prod.azureedge.net/releases/v1.0.1563/1.0.1563.2732/office365users/icon.png","dataSources":["Office365Users"],"dependencies":[],"dependents":[],"parameterHints":{},"parameterHintsV2":{},"isOnPremiseConnection":false,"dataSets":{},"apiTier":"Standard","isCustomApiConnection":false,"actions":["UpdateMyProfile","MyProfileV2"]}},"databaseReferences":{},"almMode":"Environment","performanceOptimizationEnabled":true,"canConsumeAppPass":true,"executionRestrictions":{"isTeamsOnly":false,"dataLossPreventionEvaluationResult":{"status":"Compliant","lastEvaluationDate":"2022-03-22T13:26:30.8658882Z","violations":[],"violationsByPolicy":[],"violationErrorMessage":"The app uses the following connectors: shared_office365users."}}},"appType":"ClassicCanvasApp","appComponents":[]}}