{"schemaVersion":"1.0","appDefinitionTemplate":{"id":"/providers/Microsoft.PowerApps/apps/","type":"Microsoft.PowerApps/apps","tags":{"primaryDeviceWidth":"1873","primaryDeviceHeight":"892","supportsPortrait":"true","supportsLandscape":"true","primaryFormFactor":"Tablet","showStatusBar":"false","publisherVersion":"3.25123.13","minimumRequiredApiVersion":"2.2.0","hasComponent":"false","hasUnlockedComponent":"false","isUnifiedRootApp":"false","offlineLargeFilesSupport":"false","sienaVersion":"20260109T193648Z-3.25123.13.0"},"properties":{"appVersion":"2026-01-09T19:36:48Z","lifeCycleId":"Published","createdByClientVersion":{"major":3,"minor":25123,"build":13,"revision":0,"majorRevision":0,"minorRevision":0},"minClientVersion":{"major":3,"minor":25123,"build":13,"revision":0,"majorRevision":0,"minorRevision":0},"backgroundColor":"rgba(133, 70, 50, 1)","backgroundImageUri":"/6931647500918322828/N5643fdb0-7cdd-47b1-9156-fa8f922aa07b-logoSmallFile","displayName":"FEM-Recipe page","description":"FEM challenge that renders an omelette recipe with responsive padding and centered layout, showing a hero image, title and description, prep time badge, ingredient and instruction lists, and a nutrition table, all styled with the provided color palette and adaptive typography.","commitMessage":"","appUris":{"documentUri":{"value":"/6931647500918322828/Na7b81e7e-f0fb-4bec-9a1f-8a6557b3c572-document.msapp"},"imageUris":[],"additionalUris":[{"isSolutionAware":false,"value":"/6931647500918322828/N0c88c9d8-6656-44a4-8dd3-719ed66531af-identity.json"}]},"createdTime":"0001-01-01T00:00:00Z","lastModifiedTime":"0001-01-01T00:00:00Z","sharedGroupsCount":0,"sharedUsersCount":0,"connectionReferences":{},"databaseReferences":{},"almMode":"Solution","performanceOptimizationEnabled":true,"canConsumeAppPass":true,"enableModernRuntimeMode":false,"executionRestrictions":{"isTeamsOnly":false,"dataLossPreventionEvaluationResult":{"status":"Compliant","lastEvaluationDate":"2024-01-19T23:02:59.9397283Z","violations":[],"violationsByPolicy":[],"violationErrorMessage":"The app uses the following connectors: ."}}},"isAppComponentLibrary":false,"appType":"ClassicCanvasApp","appComponents":[]}}