{"schemaVersion":"1.0","appDefinitionTemplate":{"id":"/providers/Microsoft.PowerApps/apps/","type":"Microsoft.PowerApps/apps","tags":{"primaryDeviceWidth":"375","primaryDeviceHeight":"812","supportsPortrait":"true","supportsLandscape":"true","primaryFormFactor":"Tablet","showStatusBar":"false","publisherVersion":"3.23122.17","minimumRequiredApiVersion":"2.2.0","hasComponent":"false","hasUnlockedComponent":"false","isUnifiedRootApp":"false","offlineLargeFilesSupport":"false","sienaVersion":"20231224T164000Z-3.23122.17.0"},"properties":{"appVersion":"2023-12-24T16:40:00Z","lifeCycleId":"Published","createdByClientVersion":{"major":3,"minor":23122,"build":17,"revision":0,"majorRevision":0,"minorRevision":0},"minClientVersion":{"major":3,"minor":23122,"build":17,"revision":0,"majorRevision":0,"minorRevision":0},"backgroundColor":"rgba(22, 25, 50, 1)","backgroundImageUri":"/13611990823901228096/N0504d5a8-0c8c-4658-b23f-6cebb9a1df40-logoSmallFile","displayName":"POC-Pomodoro-App-FrontendMentor","description":"","commitMessage":"","appUris":{"documentUri":{"value":"/13611990823901228096/N50a56a19-1bc4-4d99-bda6-c25c0d4cfcae-document.msapp"},"imageUris":[],"additionalUris":[{"isSolutionAware":false,"value":"/13611990823901228096/N1a2c8d94-370f-4f98-8684-03d036b1c531-identity.json"}]},"createdTime":"0001-01-01T00:00:00Z","lastModifiedTime":"0001-01-01T00:00:00Z","sharedGroupsCount":0,"sharedUsersCount":0,"connectionReferences":{},"databaseReferences":{},"almMode":"Environment","performanceOptimizationEnabled":true,"canConsumeAppPass":true,"enableModernRuntimeMode":false,"executionRestrictions":{"isTeamsOnly":false,"dataLossPreventionEvaluationResult":{"status":"Compliant","lastEvaluationDate":"2023-12-24T16:40:03.7329981Z","violations":[],"violationsByPolicy":[],"violationErrorMessage":"The app uses the following connectors: ."}}},"appType":"ClassicCanvasApp","appComponents":[]}}