<ImportExportXml version="9.2.25113.156" SolutionPackageVersion="9.2" languagecode="1033" generatedBy="CrmLive" xmlns:xsi="http://www.w3.org/2001/XMLSchema-instance" OrganizationVersion="9.2.25113.156" OrganizationSchemaType="Standard" CRMServerServiceabilityVersion="9.2.25113.00156">
  <SolutionManifest>
    <UniqueName>FEMSpeedTypingApp</UniqueName>
    <LocalizedNames>
      <LocalizedName description="FEM Speed Typing App" languagecode="1033" />
    </LocalizedNames>
    <Descriptions />
    <Version>1.0.0.2</Version>
    <Managed>0</Managed>
    <Publisher>
      <UniqueName>krb</UniqueName>
      <LocalizedNames>
        <LocalizedName description="Kristof Borkowski" languagecode="1033" />
      </LocalizedNames>
      <Descriptions>
        <Description description="Publisher for custom controls" languagecode="1033" />
      </Descriptions>
      <EMailAddress>kristof@kristof.click</EMailAddress>
      <SupportingWebsiteUrl>https://kristof.click</SupportingWebsiteUrl>
      <CustomizationPrefix>krb</CustomizationPrefix>
      <CustomizationOptionValuePrefix>10000</CustomizationOptionValuePrefix>
      <Addresses />
    </Publisher>
    <RootComponents>
      <RootComponent type="1" schemaName="kristof_usertestresults" behavior="0" />
      <RootComponent type="161" id="{8e88a969-33e3-f011-8406-7c1e52363bb5}" behavior="0" />
      <RootComponent type="300" schemaName="krb_femtypingspeedtestlocalvariables_ec128" behavior="0" />
    </RootComponents>
    <MissingDependencies />
  </SolutionManifest>
</ImportExportXml>