{"schemaVersion":"1.0","appDefinitionTemplate":{"id":"/providers/Microsoft.PowerApps/apps/","type":"Microsoft.PowerApps/apps","tags":{"primaryDeviceWidth":"1366","primaryDeviceHeight":"768","supportsPortrait":"true","supportsLandscape":"true","primaryFormFactor":"Tablet","showStatusBar":"false","publisherVersion":"3.24032.26","minimumRequiredApiVersion":"2.2.0","hasComponent":"false","hasUnlockedComponent":"false","isUnifiedRootApp":"false","sienaVersion":"20240329T103513Z-3.24032.26.0"},"properties":{"appVersion":"2024-03-29T10:35:13Z","lifeCycleId":"Published","createdByClientVersion":{"major":3,"minor":24032,"build":26,"revision":0,"majorRevision":0,"minorRevision":0},"minClientVersion":{"major":3,"minor":24032,"build":26,"revision":0,"majorRevision":0,"minorRevision":0},"backgroundColor":"rgba(10, 49, 97, 1)","backgroundImageUri":"/17561753063306342071/Nbc633a1c-5d86-484b-b568-dd4e89f5595a-logoSmallFile","displayName":"US flag gallery challenge","description":"Practice PowerFx like Sequence() and Mod() 🐇","commitMessage":"","appUris":{"documentUri":{"value":"/17561753063306342071/N50d43f0e-ac7d-494d-a469-ed860ce0e09a-document.msapp"},"imageUris":[],"additionalUris":[{"isSolutionAware":false,"value":"/17561753063306342071/N561fc6af-1a26-4c72-9719-6b9017e3112c-identity.json"}]},"createdTime":"0001-01-01T00:00:00Z","lastModifiedTime":"0001-01-01T00:00:00Z","sharedGroupsCount":0,"sharedUsersCount":0,"connectionReferences":{},"databaseReferences":{},"almMode":"Solution","performanceOptimizationEnabled":true,"canConsumeAppPass":true,"enableModernRuntimeMode":false,"executionRestrictions":{"isTeamsOnly":false,"dataLossPreventionEvaluationResult":{"status":"Compliant","lastEvaluationDate":"2024-03-28T18:22:22.1223383Z","violations":[],"violationsByPolicy":[],"violationErrorMessage":"The app uses the following connectors: ."}}},"appType":"ClassicCanvasApp","appComponents":[]}}