{"schemaVersion":"1.0","appDefinitionTemplate":{"id":"/providers/Microsoft.PowerApps/apps/","type":"Microsoft.PowerApps/apps","tags":{"primaryDeviceWidth":"1366","primaryDeviceHeight":"768","sienaVersion":"20220323T073341Z-3.22031.27.0","deviceCapabilities":"","supportsPortrait":"true","supportsLandscape":"true","primaryFormFactor":"Tablet","publisherVersion":"3.22031.27","minimumRequiredApiVersion":"2.2.0","hasComponent":"false","hasUnlockedComponent":"false","isUnifiedRootApp":"false"},"properties":{"appVersion":"2022-03-23T07:33:41Z","lifeCycleId":"Published","createdByClientVersion":{"major":3,"minor":22031,"build":27,"revision":0,"majorRevision":0,"minorRevision":0},"minClientVersion":{"major":3,"minor":22031,"build":27,"revision":0,"majorRevision":0,"minorRevision":0},"backgroundColor":"RGBA(0,176,240,1)","backgroundImageUri":"/17512929318375889213/Nd5f17dd8-d095-4883-9f9c-6c6aa2eb6f66-logoSmallFile","displayName":"Birthdaytest","description":"","commitMessage":"","appUris":{"documentUri":{"value":"/17512929318375889213/Nb5b87ca5-7454-4c4e-8eba-b2394a8ad526-document.msapp"},"imageUris":[]},"createdTime":"0001-01-01T00:00:00Z","lastModifiedTime":"0001-01-01T00:00:00Z","sharedGroupsCount":0,"sharedUsersCount":0,"icons":{"smallIconUri":"/17512929318375889213/N46974978-ad43-43e0-aeee-3ace5814ddca-small.png","mediumIconUri":"/17512929318375889213/N071a8c46-5dee-44c8-bdaf-de0dd98a8b24-medium.png","largeIconUri":"/17512929318375889213/N58ddd916-2666-47d8-8169-4dc17d057267-large.png","wideIconUri":"/17512929318375889213/Ne1e2ca09-0ef1-4ddc-a9d6-e87515c040c8-wide.png"},"connectionReferences":{"7153b3d5-bf4e-4449-a0d4-cbead511c8cb":{"id":"0f128de1-f477-4265-a4a7-4f753111013f","displayName":"Office 365 Users","iconUri":"https://connectoricons-prod.azureedge.net/releases/v1.0.1563/1.0.1563.2732/office365users/icon.png","dataSources":["Office365Users"],"dependencies":[],"dependents":[],"parameterHints":{},"parameterHintsV2":{},"isOnPremiseConnection":false,"bypassConsent":false,"dataSets":{},"apiTier":"Standard","isCustomApiConnection":false,"actions":["MyProfileV2","UpdateMyProfile"]}},"databaseReferences":{},"almMode":"Environment","performanceOptimizationEnabled":true,"canConsumeAppPass":true,"executionRestrictions":{"isTeamsOnly":false,"dataLossPreventionEvaluationResult":{"status":"Compliant","lastEvaluationDate":"2022-03-22T13:26:30.8658882Z","violations":[],"violationsByPolicy":[],"violationErrorMessage":"The app uses the following connectors: shared_office365users."}}},"appType":"ClassicCanvasApp","appComponents":[]}}