{"schemaVersion":"1.0","appDefinitionTemplate":{"id":"/providers/Microsoft.PowerApps/apps/","type":"Microsoft.PowerApps/apps","tags":{"primaryDeviceWidth":"1366","primaryDeviceHeight":"768","sienaVersion":"20220329T071419Z-3.22022.23.0","deviceCapabilities":"","supportsPortrait":"true","supportsLandscape":"true","primaryFormFactor":"Tablet","publisherVersion":"3.22022.23","minimumRequiredApiVersion":"2.2.0","hasComponent":"false","hasUnlockedComponent":"false","isUnifiedRootApp":"false"},"properties":{"appVersion":"2022-03-29T07:14:19Z","lifeCycleId":"Published","createdByClientVersion":{"major":3,"minor":22022,"build":23,"revision":0,"majorRevision":0,"minorRevision":0},"minClientVersion":{"major":3,"minor":22022,"build":23,"revision":0,"majorRevision":0,"minorRevision":0},"backgroundColor":"RGBA(0,176,240,1)","backgroundImageUri":"/12445251807840938240/N4d52856e-b787-45b4-bcee-1e4e8e0d3216-logoSmallFile","displayName":"Fontos céges app","description":"","commitMessage":"","appUris":{"documentUri":{"value":"/12445251807840938240/N4f86000d-3731-4061-bc02-9ab08c8b749e-document.msapp"},"imageUris":[]},"createdTime":"0001-01-01T00:00:00Z","lastModifiedTime":"0001-01-01T00:00:00Z","sharedGroupsCount":0,"sharedUsersCount":0,"icons":{"smallIconUri":"/12445251807840938240/Nb79c2b79-bf88-47b5-92ba-223ff2985fcb-small.png","mediumIconUri":"/12445251807840938240/N44160b37-2200-4f40-bfb0-ce6407fde585-medium.png","largeIconUri":"/12445251807840938240/N37993168-7fbb-4c3f-8c93-be96a6169353-large.png","wideIconUri":"/12445251807840938240/Nc282f4e0-8854-4766-bab7-e4c65b6b6852-wide.png"},"connectionReferences":{},"databaseReferences":{},"almMode":"Environment","performanceOptimizationEnabled":true,"canConsumeAppPass":true,"executionRestrictions":{"isTeamsOnly":false,"dataLossPreventionEvaluationResult":{"status":"Compliant","lastEvaluationDate":"2022-01-14T11:29:56.9036155Z","violations":[],"violationsByPolicy":[],"violationErrorMessage":"The app uses the following connectors: ."}}},"appType":"ClassicCanvasApp","appComponents":[]}}