{"schemaVersion":"1.0","appDefinitionTemplate":{"id":"/providers/Microsoft.PowerApps/apps/","type":"Microsoft.PowerApps/apps","tags":{"primaryDeviceWidth":"1911","primaryDeviceHeight":"899","supportsPortrait":"true","supportsLandscape":"true","primaryFormFactor":"Tablet","showStatusBar":"false","publisherVersion":"3.25012.14","minimumRequiredApiVersion":"2.2.0","hasComponent":"false","hasUnlockedComponent":"false","isUnifiedRootApp":"false","sienaVersion":"20250126T210936Z-3.25012.14.0"},"properties":{"appVersion":"2025-01-26T21:09:36Z","lifeCycleId":"Published","createdByClientVersion":{"major":3,"minor":25012,"build":14,"revision":0,"majorRevision":0,"minorRevision":0},"minClientVersion":{"major":3,"minor":25012,"build":14,"revision":0,"majorRevision":0,"minorRevision":0},"backgroundColor":"rgba(241, 93, 81, 1)","backgroundImageUri":"/14723107282045023116/Nc4755138-1bc2-45d1-95a0-baefc2157a5d-logoSmallFile","displayName":"FEM - News Homepage","description":"Progressive enhancement of navigation animation","commitMessage":"","appUris":{"documentUri":{"value":"/14723107282045023116/Nc83475dc-fccb-4b23-8856-86ca2476d372-document.msapp"},"imageUris":[],"additionalUris":[{"isSolutionAware":false,"value":"/14723107282045023116/N51cff22a-9783-4c93-a0ce-af0b82fadcdb-identity.json"}]},"createdTime":"0001-01-01T00:00:00Z","lastModifiedTime":"0001-01-01T00:00:00Z","sharedGroupsCount":0,"sharedUsersCount":0,"connectionReferences":{},"databaseReferences":{},"almMode":"Solution","performanceOptimizationEnabled":false,"canConsumeAppPass":false,"enableModernRuntimeMode":false,"executionRestrictions":{"isTeamsOnly":false,"dataLossPreventionEvaluationResult":{"status":"Compliant","lastEvaluationDate":"2024-11-07T16:52:36.2535428Z","violations":[],"violationsByPolicy":[],"violationErrorMessage":"The app uses the following connectors: ."}}},"isAppComponentLibrary":false,"appType":"ClassicCanvasApp","appComponents":[]}}