{
  "properties": {
    "connectionReferences": {},
    "definition": {
      "$schema": "https://schema.management.azure.com/providers/Microsoft.Logic/schemas/2016-06-01/workflowdefinition.json#",
      "contentVersion": "1.0.0.0",
      "parameters": {
        "$authentication": {
          "defaultValue": {},
          "type": "SecureObject"
        }
      },
      "triggers": {
        "manual": {
          "metadata": {
            "operationMetadataId": "41e0efa4-ff2a-436c-8504-2883ba0e4075"
          },
          "type": "Request",
          "kind": "PowerAppV2",
          "inputs": {
            "schema": {
              "type": "object",
              "properties": {},
              "required": []
            }
          }
        }
      },
      "actions": {
        "HTTP": {
          "runAfter": {},
          "metadata": {
            "operationMetadataId": "723866c3-93e9-48fe-8546-98cc32e997b2"
          },
          "type": "Http",
          "inputs": {
            "method": "GET",
            "uri": "https://raw.githubusercontent.com/devchallenges-io/web-project-ideas/main/front-end-projects/data/simple-coffee-listing-data.json"
          }
        },
        "Respond_to_a_PowerApp_or_flow": {
          "runAfter": {
            "HTTP": [
              "Succeeded"
            ]
          },
          "metadata": {
            "operationMetadataId": "93ffd86b-cf1d-4117-8211-54f488a94ac8"
          },
          "type": "Response",
          "kind": "PowerApp",
          "inputs": {
            "statusCode": 200,
            "body": {
              "responsejson": "@{body('HTTP')}"
            },
            "schema": {
              "type": "object",
              "properties": {
                "responsejson": {
                  "title": "responseJSON",
                  "x-ms-dynamically-added": true,
                  "type": "string"
                }
              }
            }
          }
        }
      }
    },
    "templateName": ""
  },
  "schemaVersion": "1.0.0.0"
}