{"schemaVersion":"1.0","appDefinitionTemplate":{"id":"/providers/Microsoft.PowerApps/apps/","type":"Microsoft.PowerApps/apps","tags":{"primaryDeviceWidth":"1673","primaryDeviceHeight":"765","supportsPortrait":"true","supportsLandscape":"true","primaryFormFactor":"Tablet","showStatusBar":"false","publisherVersion":"3.24034.17","minimumRequiredApiVersion":"2.2.0","hasComponent":"false","hasUnlockedComponent":"false","isUnifiedRootApp":"false","sienaVersion":"20240411T105652Z-3.24034.17.0"},"properties":{"appVersion":"2024-04-11T10:56:52Z","lifeCycleId":"Published","createdByClientVersion":{"major":3,"minor":24034,"build":17,"revision":0,"majorRevision":0,"minorRevision":0},"minClientVersion":{"major":3,"minor":24034,"build":17,"revision":0,"majorRevision":0,"minorRevision":0},"backgroundColor":"rgba(255, 0, 0, 1)","backgroundImageUri":"/5797537543563161667/N6091d27a-b40b-4bea-98af-a96ba7eabd54-logoSmallFile","displayName":"hsl2rgb","description":"Just a dirty sandbox to play with UDF and collections","commitMessage":"","appUris":{"documentUri":{"value":"/5797537543563161667/N3db84cda-bb95-4175-a344-5f458be407e6-document.msapp"},"imageUris":[],"additionalUris":[{"isSolutionAware":false,"value":"/5797537543563161667/Nbe2dd687-ce6b-4d49-a29f-c23413ec5dce-identity.json"}]},"createdTime":"0001-01-01T00:00:00Z","lastModifiedTime":"0001-01-01T00:00:00Z","sharedGroupsCount":0,"sharedUsersCount":0,"connectionReferences":{},"databaseReferences":{},"almMode":"Solution","performanceOptimizationEnabled":false,"canConsumeAppPass":false,"enableModernRuntimeMode":false,"executionRestrictions":{"isTeamsOnly":false,"dataLossPreventionEvaluationResult":{"status":"Compliant","lastEvaluationDate":"2024-04-09T19:59:07.3780582Z","violations":[],"violationsByPolicy":[],"violationErrorMessage":"The app uses the following connectors: ."}}},"appType":"ClassicCanvasApp","appComponents":[]}}